,Zip Code,City,County,Latitude,Longitude,Walkability
0,7001,Avenel,Middlesex,40.578996000000004,-74.27986999999999,63
1,7002,Bayonne,Hudson,40.666552,-74.11768000000002,93
2,7003,Bloomfield,Essex,40.803000000000004,-74.18895,59
3,7004,Fairfield,Essex,40.879049,-74.29378,47
4,7005,Boonton,Morris,40.912797999999995,-74.41516,50
5,7006,Caldwell,Essex,40.848999,-74.27917,49
6,7007,Caldwell,Essex,40.79185,-74.24524100000001,19
7,7008,Carteret,Middlesex,40.582504,-74.22997,54
8,7009,Cedar Grove,Essex,40.855854,-74.22898,54
9,7010,Cliffside Park,Bergen,40.82154,-73.98949,88
10,7011,Clifton,Passaic,40.879699,-74.14263000000001,87
11,7012,Clifton,Passaic,40.847922,-74.1579,78
12,7013,Clifton,Passaic,40.868699,-74.17102,44
13,7014,Clifton,Passaic,40.834049,-74.13669,59
14,7015,Clifton,Passaic,41.011428,-74.304793,5
15,7016,Cranford,Union,40.656302000000004,-74.30371,82
16,7017,East Orange,Essex,40.770933,-74.20589,58
17,7018,East Orange,Essex,40.75555,-74.21897,77
18,7019,East Orange,Essex,40.79185,-74.24524100000001,19
19,7020,Edgewater,Bergen,40.830733,-73.97334000000001,59
20,7021,Essex Fells,Essex,40.827498999999996,-74.28090999999999,19
21,7022,Fairview,Bergen,40.816736999999996,-74.00081999999999,83
22,7023,Fanwood,Union,40.641852,-74.38533000000001,69
23,7024,Fort Lee,Bergen,40.849879,-73.97501,92
24,7026,Garfield,Bergen,40.879858,-74.10807,73
25,7027,Garwood,Union,40.650802,-74.32351,86
26,7028,Glen Ridge,Essex,40.80495,-74.2047,70
27,7029,Harrison,Hudson,40.745951,-74.15509,83
28,7030,Hoboken,Hudson,40.744851000000004,-74.03294,99
29,7031,North Arlington,Bergen,40.791895000000004,-74.13254,67
30,7032,Kearny,Hudson,40.763051000000004,-74.13718,44
31,7033,Kenilworth,Union,40.674652,-74.2908,79
32,7034,Lake Hiawatha,Morris,40.881149,-74.38112,71
33,7035,Lincoln Park,Morris,40.923233,-74.29375999999999,17
34,7036,Linden,Union,40.633953000000005,-74.25339,71
35,7039,Livingston,Essex,40.788733,-74.32134,44
36,7040,Maplewood,Essex,40.728901,-74.26821,60
37,7041,Millburn,Essex,40.724168,-74.29913,83
38,7042,Montclair,Essex,40.81315,-74.21576,89
39,7043,Montclair,Essex,40.844198999999996,-74.20218,76
40,7044,Verona,Essex,40.832449,-74.24226999999999,77
41,7045,Montville,Morris,40.906152,-74.36742,9
42,7046,Mountain Lakes,Morris,40.892021,-74.44022,13
43,7047,North Bergen,Hudson,40.7946,-74.01963,86
44,7050,Orange,Essex,40.7683,-74.23603,88
45,7051,Orange,Essex,40.79185,-74.24524100000001,19
46,7052,West Orange,Essex,40.78865,-74.25541,52
47,7054,Parsippany,Morris,40.860149,-74.4171,27
48,7055,Passaic,Passaic,40.857384,-74.12899,95
49,7057,Wallington,Bergen,40.852931,-74.10925,80
50,7058,Pine Brook,Morris,40.871299,-74.34331,7
51,7059,Warren,Somerset,40.633652000000005,-74.5008,18
52,7060,Plainfield,Union,40.620102,-74.42481,89
53,7061,Plainfield,Union,40.665651000000004,-74.29969200000001,35
54,7062,Plainfield,Union,40.631252,-74.40383,61
55,7063,Plainfield,Union,40.604252,-74.44612,44
56,7064,Port Reading,Middlesex,40.569503999999995,-74.24774000000001,26
57,7065,Rahway,Union,40.607103,-74.28099,79
58,7066,Clark,Union,40.620336,-74.30934,34
59,7067,Colonia,Middlesex,40.591653,-74.31341,16
60,7068,Roseland,Essex,40.821799,-74.30476999999999,32
61,7069,Watchung,Somerset,40.641207,-74.44369499999999,3
62,7070,Rutherford,Bergen,40.828922,-74.11064,85
63,7071,Lyndhurst,Bergen,40.808415999999994,-74.12111,90
64,7072,Carlstadt,Bergen,40.836555,-74.08466,63
65,7073,East Rutherford,Bergen,40.830158000000004,-74.09707,88
66,7074,Moonachie,Bergen,40.841668,-74.059,20
67,7075,Wood Ridge,Bergen,40.847638,-74.08754,66
68,7076,Scotch Plains,Union,40.637152,-74.37493,40
69,7077,Sewaren,Middlesex,40.553971000000004,-74.25938000000001,36
70,7078,Short Hills,Essex,40.73915,-74.32749,12
71,7079,South Orange,Essex,40.74765,-74.25881,78
72,7080,South Plainfield,Middlesex,40.580703,-74.41401,76
73,7081,Springfield,Union,40.701801,-74.32216,39
74,7082,Towaco,Morris,40.92241,-74.34625,38
75,7083,Union,Union,40.695401000000004,-74.26933000000001,88
76,7086,Weehawken,Hudson,40.769796,-74.022351,84
77,7087,Union City,Hudson,40.767751000000004,-74.0302,94
78,7088,Vauxhall,Union,40.718401,-74.28416,79
79,7090,Westfield,Union,40.649202,-74.34567,88
80,7091,Westfield,Union,40.665651000000004,-74.29969200000001,35
81,7092,Mountainside,Union,40.680301,-74.35601,24
82,7093,West New York,Hudson,40.7895,-74.01223,97
83,7094,Secaucus,Hudson,40.7885,-74.06,63
84,7095,Woodbridge,Middlesex,40.557103999999995,-74.28316,60
85,7096,Secaucus,Hudson,40.73276,-74.075485,82
86,7097,Jersey City,Hudson,40.73276,-74.075485,82
87,7099,Kearny,Hudson,40.73276,-74.075485,82
88,7101,Newark,Essex,40.736101,-74.22509000000001,57
89,7102,Newark,Essex,40.735257,-74.17326,94
90,7103,Newark,Essex,40.738501,-74.19507,87
91,7104,Newark,Essex,40.767702,-74.16830999999999,63
92,7105,Newark,Essex,40.725801000000004,-74.15205999999999,97
93,7106,Newark,Essex,40.742251,-74.23006,80
94,7107,Newark,Essex,40.760667,-74.1879,79
95,7108,Newark,Essex,40.722751,-74.2014,70
96,7109,Belleville,Essex,40.7935,-74.16144,35
97,7110,Nutley,Essex,40.8196,-74.15876999999999,89
98,7111,Irvington,Essex,40.725651,-74.23207,75
99,7112,Newark,Essex,40.711651,-74.21303,80
100,7114,Newark,Essex,40.707553000000004,-74.17883,11
101,7175,Newark,Essex,40.79185,-74.24524100000001,19
102,7182,Newark,Essex,40.79185,-74.24524100000001,19
103,7184,Newark,Essex,40.79185,-74.24524100000001,19
104,7188,Newark,Essex,40.79185,-74.24524100000001,19
105,7189,Newark,Essex,40.79185,-74.24524100000001,19
106,7191,Newark,Essex,40.79185,-74.24524100000001,19
107,7192,Newark,Essex,40.79185,-74.24524100000001,19
108,7193,Newark,Essex,40.79185,-74.24524100000001,19
109,7194,Newark,Essex,40.79185,-74.24524100000001,19
110,7195,Newark,Essex,40.79185,-74.24524100000001,19
111,7198,Newark,Essex,40.79185,-74.24524100000001,19
112,7199,Newark,Essex,40.79185,-74.24524100000001,19
113,7201,Elizabeth,Union,40.669502,-74.19889,72
114,7202,Elizabeth,Union,40.652302,-74.21692,73
115,7203,Roselle,Union,40.653502,-74.26058,58
116,7204,Roselle Park,Union,40.665552000000005,-74.26768,71
117,7205,Hillside,Union,40.695552,-74.22856,74
118,7206,Elizabeth,Union,40.653189000000005,-74.19158,89
119,7207,Elizabeth,Union,40.665651000000004,-74.29969200000001,35
120,7208,Elizabeth,Union,40.673102,-74.22834,60
121,7302,Jersey City,Hudson,40.721602000000004,-74.04703,100
122,7303,Jersey City,Hudson,40.73276,-74.075485,82
123,7304,Jersey City,Hudson,40.716452000000004,-74.07253,89
124,7305,Jersey City,Hudson,40.701302,-74.08843,82
125,7306,Jersey City,Hudson,40.733751,-74.06582,98
126,7307,Jersey City,Hudson,40.748001,-74.04943,97
127,7308,Jersey City,Hudson,40.73276,-74.075485,82
128,7309,Jersey City,Hudson,40.73276,-74.075485,82
129,7310,Jersey City,Hudson,40.731901,-74.0402,90
130,7311,Jersey City,Hudson,40.73235,-74.075391,82
131,7395,Jersey City,Hudson,40.73,-74.08,73
132,7399,Jersey City,Hudson,40.73235,-74.075391,82
133,7401,Allendale,Bergen,41.031504999999996,-74.13409,42
134,7403,Bloomingdale,Passaic,41.014497,-74.33021,7
135,7405,Butler,Morris,40.99313,-74.35893,26
136,7407,Elmwood Park,Bergen,40.905639,-74.1199,52
137,7410,Fair Lawn,Bergen,40.933943,-74.11671,65
138,7416,Franklin,Sussex,41.11736,-74.58784,32
139,7417,Franklin Lakes,Bergen,41.010433,-74.20846999999999,3
140,7418,Glenwood,Sussex,41.232344,-74.48688,0
141,7419,Hamburg,Sussex,41.156187,-74.57094000000001,33
142,7420,Haskell,Passaic,41.026747,-74.29741999999999,50
143,7421,Hewitt,Passaic,41.173445,-74.37404000000001,2
144,7422,Highland Lakes,Sussex,41.180137,-74.45489,21
145,7423,Ho Ho Kus,Bergen,41.001695,-74.10239,36
146,7424,Little Falls,Passaic,40.886628,-74.21405,52
147,7428,Mc Afee,Sussex,41.181052,-74.51796,9
148,7430,Mahwah,Bergen,41.077102000000004,-74.16147,41
149,7432,Midland Park,Bergen,40.993120000000005,-74.14286,64
150,7435,Newfoundland,Passaic,41.045897,-74.43677,23
151,7436,Oakland,Bergen,41.028884000000005,-74.23727,45
152,7438,Oak Ridge,Passaic,41.029555,-74.5071,22
153,7439,Ogdensburg,Sussex,41.080065999999995,-74.5972,21
154,7440,Pequannock,Morris,40.946748,-74.29575,57
155,7442,Pompton Lakes,Passaic,40.99948,-74.28806999999999,74
156,7444,Pompton Plains,Morris,40.964548,-74.29813,51
157,7446,Ramsey,Bergen,41.058819,-74.14238,68
158,7450,Ridgewood,Bergen,40.983996999999995,-74.11438000000001,88
159,7451,Ridgewood,Bergen,40.948054,-74.08323100000001,18
160,7452,Glen Rock,Bergen,40.961109,-74.12576,72
161,7456,Ringwood,Passaic,41.096095,-74.26012,26
162,7457,Riverdale,Morris,40.990032,-74.31023,30
163,7458,Saddle River,Bergen,41.054567999999996,-74.09616,21
164,7460,Stockholm,Sussex,41.091254,-74.52081,20
165,7461,Sussex,Sussex,41.229754,-74.60203,4
166,7462,Vernon,Sussex,41.193708,-74.5089,15
167,7463,Waldwick,Bergen,41.013109,-74.12231,81
168,7465,Wanaque,Passaic,41.052958000000004,-74.28236,38
169,7470,Wayne,Passaic,40.943608000000005,-74.25004,20
170,7474,Wayne,Passaic,41.011428,-74.304793,5
171,7477,Wayne,Passaic,41.011428,-74.304793,5
172,7480,West Milford,Passaic,41.102569,-74.37047,2
173,7481,Wyckoff,Bergen,40.998583,-74.1671,5
174,7495,Mahwah,Bergen,40.948054,-74.08323100000001,18
175,7501,Paterson,Passaic,40.912198,-74.16863000000001,94
176,7502,Paterson,Passaic,40.918948,-74.1939,78
177,7503,Paterson,Passaic,40.896798,-74.15731,88
178,7504,Paterson,Passaic,40.912147999999995,-74.14271,69
179,7505,Paterson,Passaic,40.916165,-74.17129,99
180,7506,Hawthorne,Passaic,40.957498,-74.15626999999999,76
181,7507,Hawthorne,Passaic,41.011428,-74.304793,5
182,7508,Haledon,Passaic,40.945198,-74.18285999999999,52
183,7509,Paterson,Passaic,41.011428,-74.304793,5
184,7510,Paterson,Passaic,41.011428,-74.304793,5
185,7511,Totowa,Passaic,41.011428,-74.304793,5
186,7512,Totowa,Passaic,40.903348,-74.21763,61
187,7513,Paterson,Passaic,40.906597999999995,-74.14944,80
188,7514,Paterson,Passaic,40.923648,-74.14321,70
189,7522,Paterson,Passaic,40.925778,-74.17784,71
190,7524,Paterson,Passaic,40.930398,-74.15829000000001,77
191,7533,Paterson,Passaic,41.011428,-74.304793,5
192,7538,Haledon,Passaic,41.011428,-74.304793,5
193,7543,Paterson,Passaic,41.011428,-74.304793,5
194,7544,Paterson,Passaic,41.011428,-74.304793,5
195,7601,Hackensack,Bergen,40.888678000000006,-74.0488,85
196,7602,Hackensack,Bergen,40.948054,-74.08323100000001,18
197,7603,Bogota,Bergen,40.873876,-74.02769,61
198,7604,Hasbrouck Heights,Bergen,40.86289,-74.07506,76
199,7605,Leonia,Bergen,40.862685,-73.98550999999999,81
200,7606,South Hackensack,Bergen,40.863699,-74.04643,48
201,7607,Maywood,Bergen,40.90503,-74.06279,82
202,7608,Teterboro,Bergen,40.853722999999995,-74.05986999999999,12
203,7620,Alpine,Bergen,40.952814000000004,-73.93064,3
204,7621,Bergenfield,Bergen,40.923747999999996,-73.99879,89
205,7624,Closter,Bergen,40.971956,-73.96166,75
206,7626,Cresskill,Bergen,40.942074,-73.96504,66
207,7627,Demarest,Bergen,40.955603,-73.96044,34
208,7628,Dumont,Bergen,40.945173,-73.99342,69
209,7630,Emerson,Bergen,40.97514,-74.02725,70
210,7631,Englewood,Bergen,40.893343,-73.9758,92
211,7632,Englewood Cliffs,Bergen,40.883749,-73.95173,40
212,7640,Harrington Park,Bergen,40.989357,-73.97958,37
213,7641,Haworth,Bergen,40.958573,-73.98659,48
214,7642,Hillsdale,Bergen,41.007389,-74.04247,74
215,7643,Little Ferry,Bergen,40.850621000000004,-74.04111999999999,85
216,7644,Lodi,Bergen,40.877998999999996,-74.08265,80
217,7645,Montvale,Bergen,41.048997,-74.04052,7
218,7646,New Milford,Bergen,40.936211,-74.0188,51
219,7647,Northvale,Bergen,41.009414,-73.94849,79
220,7648,Norwood,Bergen,40.994442,-73.95586,38
221,7649,Oradell,Bergen,40.953126,-74.03379,57
222,7650,Palisades Park,Bergen,40.845742,-73.99479000000001,83
223,7652,Paramus,Bergen,40.947107,-74.07047,58
224,7653,Paramus,Bergen,40.948054,-74.08323100000001,18
225,7656,Park Ridge,Bergen,41.034672,-74.04065,63
226,7657,Ridgefield,Bergen,40.832421000000004,-74.00399,74
227,7660,Ridgefield Park,Bergen,40.856749,-74.02278000000001,64
228,7661,River Edge,Bergen,40.927578999999994,-74.03739,72
229,7662,Rochelle Park,Bergen,40.906553,-74.07797,74
230,7663,Saddle Brook,Bergen,40.904131,-74.09474,30
231,7666,Teaneck,Bergen,40.890964000000004,-74.01115,65
232,7670,Tenafly,Bergen,40.921690000000005,-73.96481999999999,81
233,7675,Westwood,Bergen,40.99904,-74.03291,58
234,7676,Township Of Washington,Bergen,40.989508,-74.061302,59
235,7677,Woodcliff Lake,Bergen,41.025101,-74.059762,17
236,7699,Teterboro,Bergen,40.8533,74.0686,0
237,7701,Red Bank,Monmouth,40.352953,-74.07703000000001,80
238,7702,Shrewsbury,Monmouth,40.329128000000004,-74.06315,65
239,7703,Fort Monmouth,Monmouth,40.309121000000005,-74.0486,20
240,7704,Fair Haven,Monmouth,40.360580999999996,-74.03738,69
241,7709,Red Bank,Monmouth,40.302718,-74.24928,47
242,7710,Adelphia,Monmouth,40.302718,-74.24928,47
243,7711,Allenhurst,Monmouth,40.236916,-74.0069,47
244,7712,Asbury Park,Monmouth,40.232713000000004,-74.03143,44
245,7715,Belmar,Monmouth,40.302718,-74.24928,47
246,7716,Atlantic Highlands,Monmouth,40.407958,-74.03483,73
247,7717,Avon By The Sea,Monmouth,40.191809,-74.01688,60
248,7718,Belford,Monmouth,40.415902,-74.08689,44
249,7719,Belmar,Monmouth,40.175357,-74.04694,19
250,7720,Bradley Beach,Monmouth,40.202113,-74.01353,75
251,7721,Cliffwood,Monmouth,40.435961,-74.23734,11
252,7722,Colts Neck,Monmouth,40.300226,-74.18306,2
253,7723,Deal,Monmouth,40.250104,-74.00153,31
254,7724,Eatontown,Monmouth,40.301978999999996,-74.06889,39
255,7726,Englishtown,Monmouth,40.294244,-74.34213000000001,9
256,7727,Farmingdale,Monmouth,40.205366999999995,-74.15767,9
257,7728,Freehold,Monmouth,40.241036,-74.27629,55
258,7730,Hazlet,Monmouth,40.423297999999996,-74.179,60
259,7731,Howell,Monmouth,40.146597,-74.20815,11
260,7732,Highlands,Monmouth,40.404474,-73.9904,74
261,7733,Holmdel,Monmouth,40.384832,-74.17194,7
262,7734,Keansburg,Monmouth,40.444407,-74.13298,57
263,7735,Keyport,Monmouth,40.439714,-74.19374,48
264,7737,Leonardo,Monmouth,40.416771999999995,-74.06058,42
265,7738,Lincroft,Monmouth,40.337374,-74.12059,22
266,7739,Little Silver,Monmouth,40.33517,-74.04059000000001,58
267,7740,Long Branch,Monmouth,40.297932,-73.99096999999999,75
268,7746,Marlboro,Monmouth,40.316876,-74.26111999999999,17
269,7747,Matawan,Monmouth,40.411102,-74.23767,47
270,7748,Middletown,Monmouth,40.410213,-74.11718,7
271,7750,Monmouth Beach,Monmouth,40.332877,-73.97986,38
272,7751,Morganville,Monmouth,40.361014000000004,-74.26595,3
273,7752,Navesink,Monmouth,40.402277000000005,-74.02728499999999,59
274,7753,Neptune,Monmouth,40.208945,-74.05261,38
275,7754,Neptune,Monmouth,40.302718,-74.24928,47
276,7755,Oakhurst,Monmouth,40.263575,-74.02176,20
277,7756,Ocean Grove,Monmouth,40.211982,-74.00916,88
278,7757,Oceanport,Monmouth,40.318115,-74.01239,23
279,7758,Port Monmouth,Monmouth,40.427561,-74.1069,67
280,7760,Rumson,Monmouth,40.369145,-73.99576,57
281,7762,Spring Lake,Monmouth,40.153024,-74.03372,61
282,7763,Tennent,Monmouth,40.302718,-74.24928,47
283,7764,West Long Branch,Monmouth,40.289984999999994,-74.01671,48
284,7765,Wickatunk,Monmouth,40.302718,-74.24928,47
285,7777,Holmdel,Monmouth,40.302718,-74.24928,47
286,7799,Eatontown,Monmouth,40.302718,-74.24928,47
287,7801,Dover,Morris,40.889165999999996,-74.55462,82
288,7802,Dover,Morris,40.867331,-74.57826899999999,27
289,7803,Mine Hill,Morris,40.878785,-74.60098,33
290,7806,Picatinny Arsenal,Morris,40.867331,-74.57826899999999,27
291,7820,Allamuchy,Warren,40.869648,-74.849661,1
292,7821,Andover,Sussex,40.966308000000005,-74.74298,7
293,7822,Augusta,Sussex,41.139545,-74.6993,1
294,7823,Belvidere,Warren,40.82383,-75.04585,3
295,7825,Blairstown,Warren,40.96035,-74.96243,0
296,7826,Branchville,Sussex,41.177457000000004,-74.75904,0
297,7827,Montague,Sussex,41.300062,-74.76058,6
298,7828,Budd Lake,Morris,40.878198,-74.73875,31
299,7829,Buttzville,Warren,40.84335,-74.98591400000001,1
300,7830,Califon,Hunterdon,40.723778,-74.81866,0
301,7831,Changewater,Warren,40.739382,-74.94475600000001,8
302,7832,Columbia,Warren,40.929759999999995,-75.06193,0
303,7833,Delaware,Warren,40.895451,-75.06752,24
304,7834,Denville,Morris,40.886148999999996,-74.48704000000001,33
305,7836,Flanders,Morris,40.84405,-74.70134,15
306,7837,Glasser,Sussex,41.12831,-74.678956,0
307,7838,Great Meadows,Warren,40.886474,-74.90089,0
308,7839,Greendell,Sussex,41.12831,-74.678956,0
309,7840,Hackettstown,Warren,40.861748,-74.83054,50
310,7842,Hibernia,Morris,40.940301,-74.49616999999999,5
311,7843,Hopatcong,Sussex,40.937206,-74.66147,46
312,7844,Hope,Warren,40.919658,-74.984628,1
313,7845,Ironia,Morris,40.867331,-74.57826899999999,27
314,7846,Johnsonburg,Warren,40.966266,-74.87979,2
315,7847,Kenvil,Morris,40.88038,-74.62009,31
316,7848,Lafayette,Sussex,41.094159000000005,-74.69036,18
317,7849,Lake Hopatcong,Morris,40.963959,-74.61414,5
318,7850,Landing,Morris,40.908198,-74.65749,24
319,7851,Layton,Sussex,41.172968,-74.88301,0
320,7852,Ledgewood,Morris,40.876349,-74.65769,20
321,7853,Long Valley,Morris,40.788599,-74.78295,35
322,7855,Middleville,Sussex,41.12831,-74.678956,0
323,7856,Mount Arlington,Morris,40.919498,-74.63559000000001,22
324,7857,Netcong,Morris,40.897397999999995,-74.70300999999999,70
325,7860,Newton,Sussex,41.0714,-74.80199,0
326,7863,Oxford,Warren,40.815107,-74.96802,0
327,7865,Port Murray,Warren,40.783175,-74.90934,4
328,7866,Rockaway,Morris,40.926798,-74.50624,13
329,7869,Randolph,Morris,40.847649,-74.5748,5
330,7870,Schooleys Mountain,Morris,40.810362,-74.81931800000001,7
331,7871,Sparta,Sussex,41.035384,-74.63557,56
332,7874,Stanhope,Sussex,40.917054,-74.71053,23
333,7875,Stillwater,Sussex,41.043858,-74.871981,2
334,7876,Succasunna,Morris,40.855548999999996,-74.65250999999999,6
335,7877,Swartswood,Sussex,41.10289,-74.850759,0
336,7878,Mount Tabor,Morris,40.872865999999995,-74.47843,66
337,7879,Tranquility,Sussex,40.955934,-74.788108,7
338,7880,Vienna,Warren,40.864844,-74.897002,0
339,7881,Wallpack Center,Sussex,41.125646,-74.917711,0
340,7882,Washington,Warren,40.753753,-74.99616999999999,32
341,7885,Wharton,Morris,40.913298,-74.58246,19
342,7890,Branchville,Sussex,41.12831,-74.678956,0
343,7901,Summit,Union,40.714501,-74.3633,76
344,7902,Summit,Union,40.665651000000004,-74.29969200000001,35
345,7920,Basking Ridge,Somerset,40.6789,-74.57039,1
346,7921,Bedminster,Somerset,40.652301,-74.653,0
347,7922,Berkeley Heights,Union,40.675112,-74.43459,14
348,7924,Bernardsville,Somerset,40.723440000000004,-74.57753000000001,39
349,7926,Brookside,Morris,40.800353,-74.57178499999999,3
350,7927,Cedar Knolls,Morris,40.821149,-74.45121,46
351,7928,Chatham,Morris,40.7332,-74.39735999999999,17
352,7930,Chester,Morris,40.786549,-74.68799,41
353,7931,Far Hills,Somerset,40.696601,-74.63781,6
354,7932,Florham Park,Morris,40.77835,-74.39009,19
355,7933,Gillette,Morris,40.683934,-74.47079000000001,5
356,7934,Gladstone,Somerset,40.72265,-74.67432,4
357,7935,Green Village,Morris,40.739333,-74.45631,4
358,7936,East Hanover,Morris,40.820012,-74.36474,34
359,7938,Liberty Corner,Somerset,40.655398999999996,-74.586151,10
360,7939,Lyons,Somerset,40.566553000000006,-74.599801,52
361,7940,Madison,Morris,40.75875,-74.41609,87
362,7945,Mendham,Morris,40.782767,-74.59529,35
363,7946,Millington,Morris,40.672823,-74.52011,27
364,7950,Greystone Park,Morris,40.842399,-74.48223,8
365,7950,Morris Plains,Morris,40.842399,-74.48223,8
366,7960,Morristown,Morris,40.79215,-74.48559,77
367,7961,Morristown,Morris,40.77975,-74.442797,31
368,7962,Morristown,Morris,40.867331,-74.57826899999999,27
369,7963,Morristown,Morris,40.867331,-74.57826899999999,27
370,7970,Mount Freedom,Morris,40.813280999999996,-74.57267,2
371,7974,New Providence,Union,40.698268,-74.40225,65
372,7976,New Vernon,Morris,40.733739,-74.48850999999999,5
373,7977,Peapack,Somerset,40.707505,-74.65657,13
374,7978,Pluckemin,Somerset,40.642491,-74.639597,43
375,7979,Pottersville,Hunterdon,40.713675,-74.72465,13
376,7980,Stirling,Morris,40.672968,-74.49171,50
377,7981,Whippany,Morris,40.821482,-74.42648,36
378,7983,Whippany,Morris,40.867331,-74.57826899999999,27
379,7999,Whippany,Morris,40.867331,-74.57826899999999,27
380,8001,Alloway,Salem,39.559426,-75.3631,32
381,8002,Cherry Hill,Camden,39.932279,-75.02266,45
382,8003,Cherry Hill,Camden,39.879713,-74.9719,10
383,8004,Atco,Camden,39.769357,-74.87264,7
384,8005,Barnegat,Ocean,39.759581,-74.27398000000001,1
385,8006,Barnegat Light,Ocean,39.75196,-74.11074,32
386,8007,Barrington,Camden,39.868013,-75.05424000000001,52
387,8008,Beach Haven,Ocean,39.614596,-74.2005,27
388,8009,Berlin,Camden,39.779582,-74.9365,5
389,8010,Beverly,Burlington,40.058211,-74.91404,27
390,8011,Birmingham,Burlington,39.978635,-74.71323000000001,7
391,8012,Blackwood,Camden,39.784614000000005,-75.05678,48
392,8014,Bridgeport,Gloucester,39.803646,-75.34421,0
393,8015,Browns Mills,Burlington,39.960596,-74.5606,0
394,8016,Burlington,Burlington,40.06834,-74.84463000000001,26
395,8018,Cedar Brook,Camden,39.80237,-74.938259,52
396,8019,Chatsworth,Burlington,39.777314000000004,-74.5354,0
397,8020,Clarksboro,Gloucester,39.800958,-75.2211,16
398,8021,Clementon,Camden,39.810485,-74.99574,37
399,8022,Columbus,Burlington,40.079952,-74.70684,6
400,8023,Deepwater,Salem,39.683577,-75.48931999999999,24
401,8025,Ewan,Gloucester,39.701526,-75.162903,0
402,8026,Gibbsboro,Camden,39.833847,-74.96899,15
403,8027,Gibbstown,Gloucester,39.824159,-75.28187,37
404,8028,Glassboro,Gloucester,39.700008000000004,-75.11950999999999,43
405,8029,Glendora,Camden,39.840463,-75.0687,73
406,8030,Gloucester City,Camden,39.891113,-75.11836,60
407,8031,Bellmawr,Camden,39.867013,-75.09161999999999,47
408,8032,Grenloch,Gloucester,39.781264,-75.0609,25
409,8033,Haddonfield,Camden,39.895213,-75.04019,69
410,8034,Cherry Hill,Camden,39.908613,-74.99951,61
411,8035,Haddon Heights,Camden,39.879129999999996,-75.06599,57
412,8036,Hainesport,Burlington,39.985662,-74.83044,17
413,8037,Hammonton,Atlantic,39.625291,-74.77705,17
414,8038,Hancocks Bridge,Salem,39.481009,-75.50618,0
415,8039,Harrisonville,Gloucester,39.685445,-75.2669,3
416,8041,Jobstown,Burlington,40.038339,-74.6806,1
417,8042,Juliustown,Burlington,40.018503,-74.66656,2
418,8043,Voorhees,Camden,39.851969,-74.96128,3
419,8045,Lawnside,Camden,39.866513,-75.03197,33
420,8046,Willingboro,Burlington,40.029011,-74.88257,48
421,8048,Lumberton,Burlington,39.967013,-74.80666,11
422,8049,Magnolia,Camden,39.85478,-75.03671,50
423,8050,Manahawkin,Ocean,39.707575,-74.25933,17
424,8051,Mantua,Gloucester,39.785785,-75.17761,34
425,8052,Maple Shade,Burlington,39.952212,-74.99464,66
426,8053,Marlton,Burlington,39.884879999999995,-74.90416,15
427,8054,Mount Laurel,Burlington,39.949446,-74.90342,8
428,8055,Medford,Burlington,39.865272,-74.8185,8
429,8056,Mickleton,Gloucester,39.785219,-75.25304,2
430,8057,Moorestown,Burlington,39.968962,-74.9489,55
431,8059,Mount Ephraim,Camden,39.884263,-75.0923,43
432,8060,Mount Holly,Burlington,39.991562,-74.79746999999999,48
433,8061,Mount Royal,Gloucester,39.807684,-75.20496,18
434,8062,Mullica Hill,Gloucester,39.716939,-75.21987,13
435,8063,National Park,Gloucester,39.867158,-75.1802,52
436,8064,New Lisbon,Burlington,39.961921000000004,-74.63687,0
437,8065,Palmyra,Burlington,40.00278,-75.02626,66
438,8066,Paulsboro,Gloucester,39.833156,-75.23773,45
439,8067,Pedricktown,Salem,39.740353000000006,-75.41261999999999,9
440,8068,Pemberton,Burlington,39.961183,-74.66266,0
441,8069,Penns Grove,Salem,39.712593,-75.46906,40
442,8070,Pennsville,Salem,39.645377,-75.51923000000001,44
443,8071,Pitman,Gloucester,39.730964,-75.13009,66
444,8072,Quinton,Salem,39.546172,-75.41367,6
445,8073,Rancocas,Burlington,40.010461,-74.86762,28
446,8074,Richwood,Gloucester,39.716194,-75.17326,2
447,8075,Riverside,Burlington,40.029361,-74.9541,48
448,8076,Riverton,Burlington,39.862433,-74.72507900000001,10
449,8077,Riverton,Burlington,39.997378999999995,-74.99805,31
450,8078,Runnemede,Camden,39.850013,-75.0767,64
451,8079,Salem,Salem,39.549912,-75.43943,0
452,8080,Sewell,Gloucester,39.74953,-75.10637,15
453,8081,Sicklerville,Camden,39.741385,-74.99035,26
454,8083,Somerdale,Camden,39.842613,-75.02496,45
455,8084,Stratford,Camden,39.829014,-75.01371,36
456,8085,Swedesboro,Gloucester,39.753088,-75.32687,1
457,8086,Thorofare,Gloucester,39.849156,-75.18159,32
458,8087,Tuckerton,Ocean,39.59899,-74.36573,36
459,8088,Vincentown,Burlington,39.871699,-74.70528,0
460,8089,Waterford Works,Camden,39.722621999999994,-74.8503,14
461,8090,Wenonah,Gloucester,39.799347,-75.15202,16
462,8091,West Berlin,Camden,39.807695,-74.93392,64
463,8092,West Creek,Ocean,39.658781,-74.28673,13
464,8093,Westville,Gloucester,39.861413,-75.13284,44
465,8094,Williamstown,Gloucester,39.647597999999995,-74.95926999999999,2
466,8095,Winslow,Camden,39.656976,-74.86043000000001,6
467,8096,Deptford,Gloucester,39.830313000000004,-75.13221,44
468,8096,Woodbury,Gloucester,39.830313000000004,-75.13221,44
469,8097,Woodbury Heights,Gloucester,39.816063,-75.15321,31
470,8098,Woodstown,Salem,39.637838,-75.32396,6
471,8099,Bellmawr,Camden,39.779179,-74.962071,11
472,8101,Camden,Camden,39.80237,-74.938259,52
473,8102,Camden,Camden,39.949579,-75.118,75
474,8103,Camden,Camden,39.936178999999996,-75.11513000000001,69
475,8104,Camden,Camden,39.918663,-75.10976,57
476,8104,Haddon Township,Camden,39.918663,-75.10976,57
477,8105,Camden,Camden,39.949812,-75.08615999999999,78
478,8106,Audubon,Camden,39.892213,-75.07212,59
479,8107,Haddon Township,Camden,39.908163,-75.08618,52
480,8107,Oaklyn,Camden,39.908163,-75.08618,52
481,8108,Collingswood,Camden,39.915263,-75.06401,89
482,8108,Haddon Township,Camden,39.915263,-75.06401,89
483,8109,Merchantville,Camden,39.949979,-75.05024,82
484,8110,Pennsauken,Camden,39.966812,-75.05681,34
485,8201,Absecon,Atlantic,39.457516999999996,-74.50914,9
486,8202,Avalon,Cape May,39.092928,-74.72688000000001,48
487,8203,Brigantine,Atlantic,39.401801,-74.38016999999999,41
488,8204,Cape May,Cape May,38.963652,-74.92319,9
489,8205,Absecon,Atlantic,39.471263,-74.50245699999999,33
490,8210,Cape May Court House,Cape May,39.081754,-74.83658,25
491,8212,Cape May Point,Cape May,38.936896000000004,-74.96526,19
492,8213,Cologne,Atlantic,39.509208,-74.60855699999999,10
493,8214,Dennisville,Cape May,39.056521000000004,-74.81661899999999,0
494,8215,Egg Harbor City,Atlantic,39.548049,-74.62171,2
495,8217,Elwood,Atlantic,39.575272999999996,-74.72103,21
496,8218,Goshen,Cape May,39.056521000000004,-74.81661899999999,0
497,8219,Green Creek,Cape May,39.056521000000004,-74.81661899999999,0
498,8220,Leeds Point,Atlantic,39.509208,-74.60855699999999,10
499,8221,Linwood,Atlantic,39.348616,-74.57387,43
500,8223,Marmora,Cape May,39.264412,-74.64986,51
501,8224,New Gretna,Burlington,39.595957,-74.45628,10
502,8225,Northfield,Atlantic,39.370083,-74.55211,72
503,8226,Ocean City,Cape May,39.265371,-74.59380999999999,38
504,8230,Ocean View,Cape May,39.20877,-74.70438,35
505,8231,Oceanville,Atlantic,39.509208,-74.60855699999999,10
506,8232,Pleasantville,Atlantic,39.394616,-74.52212,82
507,8234,Egg Harbor Township,Atlantic,39.398171999999995,-74.59666999999999,0
508,8240,Pomona,Atlantic,39.487716999999996,-74.554334,1
509,8241,Port Republic,Atlantic,39.527903,-74.4917,5
510,8242,Rio Grande,Cape May,39.017837,-74.87515,54
511,8243,Sea Isle City,Cape May,39.145755,-74.69865,44
512,8244,Somers Point,Atlantic,39.319901,-74.5999,55
513,8245,South Dennis,Cape May,39.176208,-74.81723000000001,12
514,8246,South Seaville,Cape May,39.056521000000004,-74.81661899999999,0
515,8247,Stone Harbor,Cape May,39.051289000000004,-74.76204,65
516,8248,Strathmere,Cape May,39.197394,-74.65699000000001,21
517,8250,Tuckahoe,Cape May,39.056521000000004,-74.81661899999999,0
518,8251,Villas,Cape May,39.022256,-74.93616,61
519,8252,Whitesboro,Cape May,39.037403999999995,-74.85749,24
520,8260,Wildwood,Cape May,38.987556,-74.822,81
521,8270,Woodbine,Cape May,39.275059000000006,-74.80041,0
522,8302,Bridgeton,Cumberland,39.445164,-75.24215,10
523,8310,Buena,Atlantic,39.522686,-74.89684,0
524,8311,Cedarville,Cumberland,39.337205,-75.18576999999999,2
525,8312,Clayton,Gloucester,39.655964000000004,-75.08736,64
526,8313,Deerfield Street,Cumberland,39.530314000000004,-75.22901,1
527,8314,Delmont,Cumberland,39.219301,-74.94015999999999,0
528,8315,Dividing Creek,Cumberland,39.273214,-75.095025,4
529,8316,Dorchester,Cumberland,39.274714,-74.97546,6
530,8317,Dorothy,Atlantic,39.406518,-74.82706,6
531,8318,Elmer,Salem,39.553504,-75.16843,0
532,8319,Estell Manor,Atlantic,39.376099,-74.81456,6
533,8320,Fairton,Cumberland,39.379906,-75.221681,5
534,8321,Fortescue,Cumberland,39.239649,-75.17225,10
535,8322,Franklinville,Gloucester,39.618221999999996,-75.0618,4
536,8323,Greenwich,Cumberland,39.402763,-75.3574,1
537,8324,Heislerville,Cumberland,39.218484000000004,-74.99001,9
538,8326,Landisville,Atlantic,39.524179,-74.9385,35
539,8327,Leesburg,Cumberland,39.254836,-74.97766999999999,4
540,8328,Malaga,Gloucester,39.572449,-75.0543,34
541,8329,Mauricetown,Cumberland,39.285464000000005,-74.99687,9
542,8330,Mays Landing,Atlantic,39.478771,-74.7581,0
543,8332,Millville,Cumberland,39.379382,-75.03923,2
544,8340,Milmay,Atlantic,39.437265000000004,-74.87926,0
545,8341,Minotola,Atlantic,39.517539,-74.94972,23
546,8342,Mizpah,Atlantic,39.50208,-74.833469,0
547,8343,Monroeville,Salem,39.633964,-75.15643,3
548,8344,Newfield,Gloucester,39.562763000000004,-75.00955,4
549,8345,Newport,Cumberland,39.283409999999996,-75.15464,0
550,8346,Newtonville,Atlantic,39.562719,-74.85853,0
551,8347,Norma,Salem,39.499765000000004,-75.082022,3
552,8348,Port Elizabeth,Cumberland,39.314084,-74.97889,16
553,8349,Port Norris,Cumberland,39.256820000000005,-75.06683000000001,0
554,8350,Richland,Atlantic,39.490774,-74.87045,22
555,8352,Rosenhayn,Cumberland,39.475565,-75.12933000000001,17
556,8353,Shiloh,Cumberland,39.458114,-75.29760999999999,9
557,8360,Vineland,Cumberland,39.492265,-75.01886999999999,65
558,8361,Vineland,Cumberland,39.464582,-74.96994000000001,1
559,8362,Vineland,Cumberland,39.271264,-75.027671,1
560,8401,Atlantic City,Atlantic,39.364965999999995,-74.43903,81
561,8402,Margate City,Atlantic,39.329415999999995,-74.50661,55
562,8403,Longport,Atlantic,39.314766,-74.52675,18
563,8404,Atlantic City,Atlantic,39.509208,-74.60855699999999,10
564,8405,Atlantic City,Atlantic,39.509208,-74.60855699999999,10
565,8406,Ventnor City,Atlantic,39.342299,-74.48192,55
566,8501,Allentown,Monmouth,40.164556,-74.57785,2
567,8502,Belle Mead,Somerset,40.460136999999996,-74.63592,0
568,8504,Blawenburg,Somerset,40.425369,-74.66875300000001,3
569,8505,Bordentown,Burlington,40.132784,-74.71778,34
570,8510,Millstone Township,Monmouth,40.18238,-74.42134,1
571,8511,Cookstown,Burlington,40.050128,-74.55611,5
572,8512,Cranbury,Middlesex,40.306286,-74.52627,13
573,8514,Cream Ridge,Monmouth,40.134892,-74.48688,0
574,8515,Chesterfield,Burlington,40.14821,-74.65125,10
575,8518,Florence,Burlington,40.117909999999995,-74.8047,41
576,8520,Hightstown,Mercer,40.262809000000004,-74.53246,27
577,8525,Hopewell,Mercer,40.386902,-74.78112,8
578,8526,Imlaystown,Monmouth,40.162275,-74.475936,0
579,8527,Jackson,Ocean,40.115970000000004,-74.32251,6
580,8528,Kingston,Somerset,40.377173,-74.61538,35
581,8530,Lambertville,Hunterdon,40.375039,-74.93184000000001,22
582,8533,New Egypt,Ocean,40.075185,-74.48433,1
583,8534,Pennington,Mercer,40.32315,-74.78364,14
584,8535,Perrineville,Monmouth,40.228497,-74.45064,0
585,8536,Plainsboro,Middlesex,40.333709999999996,-74.58511999999999,54
586,8540,Princeton,Mercer,40.357439,-74.64922,75
587,8541,Princeton,Mercer,40.280530999999996,-74.712018,19
588,8542,Princeton,Mercer,40.354424,-74.65943,88
589,8543,Princeton,Mercer,40.280530999999996,-74.712018,19
590,8544,Princeton,Mercer,40.349206,-74.652811,78
591,8550,Princeton Junction,Mercer,40.292358,-74.60902,2
592,8551,Ringoes,Hunterdon,40.449171,-74.84979,1
593,8553,Rocky Hill,Somerset,40.400406,-74.63895,31
594,8554,Roebling,Burlington,40.113883,-74.77977,41
595,8555,Roosevelt,Monmouth,40.22142,-74.47378,8
596,8556,Rosemont,Hunterdon,40.419965000000005,-74.988619,7
597,8557,Sergeantsville,Hunterdon,40.563654,-74.949409,8
598,8558,Skillman,Somerset,40.410154999999996,-74.70725999999999,6
599,8559,Stockton,Hunterdon,40.435878,-74.96511,0
600,8560,Titusville,Mercer,40.31049,-74.85947,3
601,8561,Windsor,Mercer,40.242009,-74.58006,21
602,8562,Wrightstown,Burlington,40.062215,-74.58893,0
603,8601,Trenton,Mercer,40.280530999999996,-74.712018,19
604,8602,Trenton,Mercer,40.280530999999996,-74.712018,19
605,8603,Trenton,Mercer,40.280530999999996,-74.712018,19
606,8604,Trenton,Mercer,40.280530999999996,-74.712018,19
607,8605,Trenton,Mercer,40.280530999999996,-74.712018,19
608,8606,Trenton,Mercer,40.280530999999996,-74.712018,19
609,8607,Trenton,Mercer,40.280530999999996,-74.712018,19
610,8608,Trenton,Mercer,40.219158,-74.76481,85
611,8609,Trenton,Mercer,40.224441,-74.7421,64
612,8610,Trenton,Mercer,40.199859000000004,-74.72005,38
613,8611,Trenton,Mercer,40.206959000000005,-74.75135999999999,88
614,8618,Trenton,Mercer,40.238258,-74.7805,49
615,8619,Trenton,Mercer,40.240558,-74.69588,40
616,8620,Trenton,Mercer,40.172959999999996,-74.66915,17
617,8625,Trenton,Mercer,40.206709000000004,-74.75643000000001,79
618,8628,Trenton,Mercer,40.264708,-74.82295,30
619,8629,Trenton,Mercer,40.219358,-74.73334,66
620,8638,Trenton,Mercer,40.249908000000005,-74.75953,56
621,8640,Fort Dix,Burlington,40.003861,-74.61775,17
622,8641,Trenton,Burlington,40.04492,-74.58915999999999,14
623,8645,Trenton,Mercer,40.280530999999996,-74.712018,19
624,8646,Trenton,Mercer,40.280530999999996,-74.712018,19
625,8647,Trenton,Mercer,40.280530999999996,-74.712018,19
626,8648,Trenton,Mercer,40.276782,-74.72951,28
627,8650,Trenton,Mercer,40.280530999999996,-74.712018,19
628,8666,Trenton,Mercer,40.280530999999996,-74.712018,19
629,8677,Trenton,Mercer,40.280530999999996,-74.712018,19
630,8690,Trenton,Mercer,40.225409,-74.65918,54
631,8691,Trenton,Mercer,40.207034,-74.59364000000001,0
632,8695,Trenton,Mercer,40.280530999999996,-74.712018,19
633,8701,Lakewood,Ocean,40.082782,-74.2094,46
634,8720,Allenwood,Monmouth,40.14386,-74.10285999999999,13
635,8721,Bayville,Ocean,39.902851,-74.16037,20
636,8722,Beachwood,Ocean,39.931067999999996,-74.19618,22
637,8723,Brick,Ocean,40.042479,-74.123,35
638,8724,Brick,Ocean,40.087794,-74.10981,2
639,8730,Brielle,Monmouth,40.108433000000005,-74.06226,44
640,8731,Forked River,Ocean,39.848034999999996,-74.21297,21
641,8732,Island Heights,Ocean,39.942615999999994,-74.14689,31
642,8733,Lakehurst,Ocean,40.017117,-74.30490999999999,34
643,8734,Lanoka Harbor,Ocean,39.862864,-74.16624,22
644,8735,Lavallette,Ocean,39.982101,-74.06768000000001,43
645,8736,Manasquan,Monmouth,40.120261,-74.05765,51
646,8738,Mantoloking,Ocean,40.025258,-74.05579,1
647,8739,Normandy Beach,Ocean,40.000759,-74.24928,6
648,8740,Ocean Gate,Ocean,39.925301,-74.13488000000001,36
649,8741,Pine Beach,Ocean,39.934318,-74.16773,16
650,8742,Point Pleasant Beach,Ocean,40.081165000000006,-74.06003,49
651,8750,Sea Girt,Monmouth,40.133753999999996,-74.04123,57
652,8751,Seaside Heights,Ocean,39.948518,-74.0759,65
653,8752,Seaside Park,Ocean,39.920268,-74.07967,34
654,8753,Toms River,Ocean,39.974584,-74.15141,25
655,8754,Toms River,Ocean,40.000759,-74.24928,6
656,8755,Toms River,Ocean,40.010092,-74.23031999999999,7
657,8756,Toms River,Ocean,39.787966,-74.191058,29
658,8757,Toms River,Ocean,39.975967,-74.25296,33
659,8758,Waretown,Ocean,39.784513000000004,-74.22376,0
660,8759,Manchester Township,Ocean,39.943540999999996,-74.36949,7
661,8801,Annandale,Hunterdon,40.624538,-74.89118,1
662,8802,Asbury,Hunterdon,40.661172,-75.0321,10
663,8803,Baptistown,Hunterdon,40.563654,-74.949409,8
664,8804,Bloomsbury,Hunterdon,40.652484,-75.08959,25
665,8805,Bound Brook,Somerset,40.567953,-74.54034,65
666,8807,Bridgewater,Somerset,40.588097,-74.62253,44
667,8808,Broadway,Warren,40.737213,-75.046926,2
668,8809,Clinton,Hunterdon,40.639546,-74.91292,40
669,8810,Dayton,Middlesex,40.372881,-74.51363,36
670,8812,Dunellen,Middlesex,40.594502,-74.47166,65
671,8816,East Brunswick,Middlesex,40.434239,-74.40504,25
672,8817,Edison,Middlesex,40.516104,-74.39754,61
673,8818,Edison,Middlesex,40.430006,-74.417344,12
674,8820,Edison,Middlesex,40.575503000000005,-74.35781,35
675,8821,Flagtown,Somerset,40.518578000000005,-74.68545,21
676,8822,Flemington,Hunterdon,40.515645,-74.85319,55
677,8823,Franklin Park,Somerset,40.439412,-74.55565,7
678,8824,Kendall Park,Middlesex,40.423055,-74.55351999999999,27
679,8825,Frenchtown,Hunterdon,40.509997999999996,-75.03239,0
680,8826,Glen Gardner,Hunterdon,40.716332,-74.91405,0
681,8827,Hampton,Hunterdon,40.677403999999996,-74.96875,0
682,8828,Helmetta,Middlesex,40.37594,-74.41955,10
683,8829,High Bridge,Hunterdon,40.668594,-74.89241,29
684,8830,Iselin,Middlesex,40.571504,-74.3183,88
685,8831,Monroe Township,Middlesex,40.336508,-74.43302,6
686,8832,Keasbey,Middlesex,40.517855,-74.30325,11
687,8833,Lebanon,Hunterdon,40.643314000000004,-74.82345,30
688,8834,Little York,Hunterdon,40.563654,-74.949409,8
689,8835,Manville,Somerset,40.538903000000005,-74.59222,62
690,8836,Martinsville,Somerset,40.595552000000005,-74.55174,10
691,8837,Edison,Middlesex,40.529354999999995,-74.33844,47
692,8840,Metuchen,Middlesex,40.543354,-74.3587,87
693,8844,Hillsborough,Somerset,40.502477,-74.650023,50
694,8846,Middlesex,Middlesex,40.574552000000004,-74.50187,65
695,8848,Milford,Hunterdon,40.587606,-75.10401999999999,0
696,8850,Milltown,Middlesex,40.451105,-74.43938,66
697,8852,Monmouth Junction,Middlesex,40.389428,-74.54329,10
698,8853,Neshanic Station,Somerset,40.51057,-74.72471999999999,16
699,8854,Piscataway,Middlesex,40.555355,-74.46094000000001,32
700,8855,Piscataway,Middlesex,40.430006,-74.417344,12
701,8857,Old Bridge,Middlesex,40.397507,-74.3298,35
702,8858,Oldwick,Hunterdon,40.681694,-74.73624000000001,2
703,8859,Parlin,Middlesex,40.461851,-74.30343,30
704,8861,Perth Amboy,Middlesex,40.520105,-74.27708,89
705,8862,Perth Amboy,Middlesex,40.430006,-74.417344,12
706,8863,Fords,Middlesex,40.535304,-74.31104,50
707,8865,Phillipsburg,Warren,40.689122999999995,-75.17243,50
708,8867,Pittstown,Hunterdon,40.583034999999995,-74.96224000000001,16
709,8868,Quakertown,Hunterdon,40.565493,-74.93893100000001,13
710,8869,Raritan,Somerset,40.571302,-74.6374,75
711,8870,Readington,Hunterdon,40.563654,-74.949409,8
712,8871,Sayreville,Middlesex,40.430006,-74.417344,12
713,8872,Sayreville,Middlesex,40.461605,-74.3474,37
714,8873,Somerset,Somerset,40.505253,-74.50723,25
715,8875,Somerset,Somerset,40.580918,-74.711731,4
716,8876,Somerville,Somerset,40.545853,-74.63592,4
717,8879,South Amboy,Middlesex,40.469606,-74.27669,39
718,8880,South Bound Brook,Somerset,40.553803,-74.52976,63
719,8882,South River,Middlesex,40.445006,-74.38179000000001,62
720,8884,Spotswood,Middlesex,40.39159,-74.39329000000001,55
721,8885,Stanton,Hunterdon,40.576372,-74.83110500000001,9
722,8886,Stewartsville,Warren,40.694938,-75.11180999999999,6
723,8887,Three Bridges,Hunterdon,40.525361,-74.79632,21
724,8888,Whitehouse,Hunterdon,40.619412,-74.740597,17
725,8889,Whitehouse Station,Hunterdon,40.612851,-74.76682,27
726,8890,Zarephath,Somerset,40.536069,-74.578872,12
727,8896,Raritan,Somerset,40.566553000000006,-74.599801,52
728,8899,Edison,Middlesex,40.520254,-74.42054499999999,29
729,8901,New Brunswick,Middlesex,40.488304,-74.44775,92
730,8902,North Brunswick,Middlesex,40.453131,-74.48286999999999,18
731,8903,New Brunswick,Middlesex,40.513853999999995,-74.445098,1
732,8904,Highland Park,Middlesex,40.500254,-74.4257,91
733,8905,New Brunswick,Middlesex,40.430006,-74.417344,12
734,8906,New Brunswick,Middlesex,40.430006,-74.417344,12
735,8922,New Brunswick,Middlesex,40.430006,-74.417344,12
736,8933,New Brunswick,Middlesex,40.430006,-74.417344,12
737,8988,New Brunswick,Middlesex,40.430006,-74.417344,12
738,8989,New Brunswick,Middlesex,40.430006,-74.417344,12
